id,firstname,lastname,email,email2,profession
100,Ilse,Noman,Ilse.Noman@yopmail.com,Ilse.Noman@gmail.com,firefighter
101,Helena,Rosalba,Helena.Rosalba@yopmail.com,Helena.Rosalba@gmail.com,developer
102,Elyssa,Si,Elyssa.Si@yopmail.com,Elyssa.Si@gmail.com,developer
103,Romona,Alabaster,Romona.Alabaster@yopmail.com,Romona.Alabaster@gmail.com,firefighter
104,Mureil,Peti,Mureil.Peti@yopmail.com,Mureil.Peti@gmail.com,worker
105,Ketti,Infield,Ketti.Infield@yopmail.com,Ketti.Infield@gmail.com,police officer
106,Kittie,Havens,Kittie.Havens@yopmail.com,Kittie.Havens@gmail.com,police officer
107,Genevra,Truc,Genevra.Truc@yopmail.com,Genevra.Truc@gmail.com,developer
108,Nicoli,Fitzsimmons,Nicoli.Fitzsimmons@yopmail.com,Nicoli.Fitzsimmons@gmail.com,worker
109,Morganica,Alabaster,Morganica.Alabaster@yopmail.com,Morganica.Alabaster@gmail.com,developer